Source path before the run,Source path after the run,Parent of the recipe that made changes,Recipe that made changes,Estimated time saving,Cycle
The source path of the file before the run. `null` when a source file was created during the run.,A recipe may modify the source path. This is the path after the run. `null` when a source file was deleted during the run.,"In a hierarchical recipe, the parent of the recipe that made a change. Empty if this is the root of a hierarchy or if the recipe is not hierarchical at all.",The specific recipe that made a change.,"An estimated effort that a developer to fix manually instead of using this recipe, in unit of seconds.",The recipe cycle in which the change was made.
pom.xml,pom.xml,org.openrewrite.java.spring.boot2.UpgradeSpringBoot_2_1,org.openrewrite.maven.UpgradeParentVersion,300,1
pom.xml,pom.xml,org.openrewrite.java.spring.boot2.UpgradeSpringBoot_2_2,org.openrewrite.java.spring.boot2.UpgradeSpringBoot_2_1,300,1
pom.xml,pom.xml,org.openrewrite.java.spring.boot2.UpgradeSpringBoot_2_3,org.openrewrite.java.spring.boot2.UpgradeSpringBoot_2_2,300,1
pom.xml,pom.xml,org.openrewrite.java.spring.boot2.UpgradeSpringBoot_2_4,org.openrewrite.java.spring.boot2.UpgradeSpringBoot_2_3,300,1
pom.xml,pom.xml,org.openrewrite.java.spring.boot2.UpgradeSpringBoot_2_5,org.openrewrite.java.spring.boot2.UpgradeSpringBoot_2_4,300,1
pom.xml,pom.xml,org.openrewrite.java.spring.boot2.UpgradeSpringBoot_2_6,org.openrewrite.java.spring.boot2.UpgradeSpringBoot_2_5,300,1
pom.xml,pom.xml,org.openrewrite.java.spring.boot2.UpgradeSpringBoot_2_7,org.openrewrite.java.spring.boot2.UpgradeSpringBoot_2_6,300,1
pom.xml,pom.xml,,org.openrewrite.java.spring.boot2.UpgradeSpringBoot_2_7,300,1
pom.xml,pom.xml,org.openrewrite.java.spring.boot2.UpgradeSpringBoot_2_2,org.openrewrite.maven.UpgradeParentVersion,300,1
pom.xml,pom.xml,org.openrewrite.java.spring.boot2.UpgradeSpringBoot_2_3,org.openrewrite.java.spring.boot2.UpgradeSpringBoot_2_2,300,1
pom.xml,pom.xml,org.openrewrite.java.spring.boot2.UpgradeSpringBoot_2_4,org.openrewrite.java.spring.boot2.UpgradeSpringBoot_2_3,300,1
pom.xml,pom.xml,org.openrewrite.java.spring.boot2.UpgradeSpringBoot_2_5,org.openrewrite.java.spring.boot2.UpgradeSpringBoot_2_4,300,1
pom.xml,pom.xml,org.openrewrite.java.spring.boot2.UpgradeSpringBoot_2_6,org.openrewrite.java.spring.boot2.UpgradeSpringBoot_2_5,300,1
pom.xml,pom.xml,org.openrewrite.java.spring.boot2.UpgradeSpringBoot_2_7,org.openrewrite.java.spring.boot2.UpgradeSpringBoot_2_6,300,1
pom.xml,pom.xml,,org.openrewrite.java.spring.boot2.UpgradeSpringBoot_2_7,300,1
pom.xml,pom.xml,org.openrewrite.java.spring.boot2.UpgradeSpringBoot_2_3,org.openrewrite.maven.UpgradeParentVersion,300,1
pom.xml,pom.xml,org.openrewrite.java.spring.boot2.UpgradeSpringBoot_2_4,org.openrewrite.java.spring.boot2.UpgradeSpringBoot_2_3,300,1
pom.xml,pom.xml,org.openrewrite.java.spring.boot2.UpgradeSpringBoot_2_5,org.openrewrite.java.spring.boot2.UpgradeSpringBoot_2_4,300,1
pom.xml,pom.xml,org.openrewrite.java.spring.boot2.UpgradeSpringBoot_2_6,org.openrewrite.java.spring.boot2.UpgradeSpringBoot_2_5,300,1
pom.xml,pom.xml,org.openrewrite.java.spring.boot2.UpgradeSpringBoot_2_7,org.openrewrite.java.spring.boot2.UpgradeSpringBoot_2_6,300,1
pom.xml,pom.xml,,org.openrewrite.java.spring.boot2.UpgradeSpringBoot_2_7,300,1
pom.xml,pom.xml,org.openrewrite.java.testing.junit5.ExcludeJUnit4UnlessUsingTestcontainers,org.openrewrite.maven.ExcludeDependency,300,1
pom.xml,pom.xml,org.openrewrite.java.testing.junit5.JUnit4to5Migration,org.openrewrite.java.testing.junit5.ExcludeJUnit4UnlessUsingTestcontainers,300,1
pom.xml,pom.xml,org.openrewrite.java.spring.boot2.SpringBoot2JUnit4to5Migration,org.openrewrite.java.testing.junit5.JUnit4to5Migration,300,1
pom.xml,pom.xml,org.openrewrite.java.spring.boot2.UpgradeSpringBoot_2_4,org.openrewrite.java.spring.boot2.SpringBoot2JUnit4to5Migration,300,1
pom.xml,pom.xml,org.openrewrite.java.spring.boot2.UpgradeSpringBoot_2_5,org.openrewrite.java.spring.boot2.UpgradeSpringBoot_2_4,300,1
pom.xml,pom.xml,org.openrewrite.java.spring.boot2.UpgradeSpringBoot_2_6,org.openrewrite.java.spring.boot2.UpgradeSpringBoot_2_5,300,1
pom.xml,pom.xml,org.openrewrite.java.spring.boot2.UpgradeSpringBoot_2_7,org.openrewrite.java.spring.boot2.UpgradeSpringBoot_2_6,300,1
pom.xml,pom.xml,,org.openrewrite.java.spring.boot2.UpgradeSpringBoot_2_7,300,1
pom.xml,pom.xml,org.openrewrite.java.testing.junit5.JUnit4to5Migration,org.openrewrite.maven.ExcludeDependency,300,1
pom.xml,pom.xml,org.openrewrite.java.spring.boot2.SpringBoot2JUnit4to5Migration,org.openrewrite.java.testing.junit5.JUnit4to5Migration,300,1
pom.xml,pom.xml,org.openrewrite.java.spring.boot2.UpgradeSpringBoot_2_4,org.openrewrite.java.spring.boot2.SpringBoot2JUnit4to5Migration,300,1
pom.xml,pom.xml,org.openrewrite.java.spring.boot2.UpgradeSpringBoot_2_5,org.openrewrite.java.spring.boot2.UpgradeSpringBoot_2_4,300,1
pom.xml,pom.xml,org.openrewrite.java.spring.boot2.UpgradeSpringBoot_2_6,org.openrewrite.java.spring.boot2.UpgradeSpringBoot_2_5,300,1
pom.xml,pom.xml,org.openrewrite.java.spring.boot2.UpgradeSpringBoot_2_7,org.openrewrite.java.spring.boot2.UpgradeSpringBoot_2_6,300,1
pom.xml,pom.xml,,org.openrewrite.java.spring.boot2.UpgradeSpringBoot_2_7,300,1
pom.xml,pom.xml,org.openrewrite.java.spring.boot2.UpgradeSpringBoot_2_4,org.openrewrite.maven.UpgradeParentVersion,300,1
pom.xml,pom.xml,org.openrewrite.java.spring.boot2.UpgradeSpringBoot_2_5,org.openrewrite.java.spring.boot2.UpgradeSpringBoot_2_4,300,1
pom.xml,pom.xml,org.openrewrite.java.spring.boot2.UpgradeSpringBoot_2_6,org.openrewrite.java.spring.boot2.UpgradeSpringBoot_2_5,300,1
pom.xml,pom.xml,org.openrewrite.java.spring.boot2.UpgradeSpringBoot_2_7,org.openrewrite.java.spring.boot2.UpgradeSpringBoot_2_6,300,1
pom.xml,pom.xml,,org.openrewrite.java.spring.boot2.UpgradeSpringBoot_2_7,300,1
pom.xml,pom.xml,org.openrewrite.java.spring.boot2.UpgradeSpringBoot_2_4,org.openrewrite.maven.RemoveExclusion,300,1
pom.xml,pom.xml,org.openrewrite.java.spring.boot2.UpgradeSpringBoot_2_5,org.openrewrite.java.spring.boot2.UpgradeSpringBoot_2_4,300,1
pom.xml,pom.xml,org.openrewrite.java.spring.boot2.UpgradeSpringBoot_2_6,org.openrewrite.java.spring.boot2.UpgradeSpringBoot_2_5,300,1
pom.xml,pom.xml,org.openrewrite.java.spring.boot2.UpgradeSpringBoot_2_7,org.openrewrite.java.spring.boot2.UpgradeSpringBoot_2_6,300,1
pom.xml,pom.xml,,org.openrewrite.java.spring.boot2.UpgradeSpringBoot_2_7,300,1
pom.xml,pom.xml,org.openrewrite.java.spring.boot2.UpgradeSpringBoot_2_4,org.openrewrite.maven.RemoveExclusion,300,1
pom.xml,pom.xml,org.openrewrite.java.spring.boot2.UpgradeSpringBoot_2_5,org.openrewrite.java.spring.boot2.UpgradeSpringBoot_2_4,300,1
pom.xml,pom.xml,org.openrewrite.java.spring.boot2.UpgradeSpringBoot_2_6,org.openrewrite.java.spring.boot2.UpgradeSpringBoot_2_5,300,1
pom.xml,pom.xml,org.openrewrite.java.spring.boot2.UpgradeSpringBoot_2_7,org.openrewrite.java.spring.boot2.UpgradeSpringBoot_2_6,300,1
pom.xml,pom.xml,,org.openrewrite.java.spring.boot2.UpgradeSpringBoot_2_7,300,1
pom.xml,pom.xml,org.openrewrite.java.spring.boot2.UpgradeSpringBoot_2_5,org.openrewrite.maven.UpgradeParentVersion,300,1
pom.xml,pom.xml,org.openrewrite.java.spring.boot2.UpgradeSpringBoot_2_6,org.openrewrite.java.spring.boot2.UpgradeSpringBoot_2_5,300,1
pom.xml,pom.xml,org.openrewrite.java.spring.boot2.UpgradeSpringBoot_2_7,org.openrewrite.java.spring.boot2.UpgradeSpringBoot_2_6,300,1
pom.xml,pom.xml,,org.openrewrite.java.spring.boot2.UpgradeSpringBoot_2_7,300,1
pom.xml,pom.xml,org.openrewrite.java.spring.boot2.UpgradeSpringBoot_2_6,org.openrewrite.maven.UpgradeParentVersion,300,1
pom.xml,pom.xml,org.openrewrite.java.spring.boot2.UpgradeSpringBoot_2_7,org.openrewrite.java.spring.boot2.UpgradeSpringBoot_2_6,300,1
pom.xml,pom.xml,,org.openrewrite.java.spring.boot2.UpgradeSpringBoot_2_7,300,1
pom.xml,pom.xml,org.openrewrite.java.spring.boot2.UpgradeSpringBoot_2_7,org.openrewrite.maven.UpgradeParentVersion,300,1
pom.xml,pom.xml,,org.openrewrite.java.spring.boot2.UpgradeSpringBoot_2_7,300,1
pom.xml,pom.xml,org.openrewrite.java.migrate.UpgradeJavaVersion,org.openrewrite.maven.UpdateMavenProjectPropertyJavaVersion,300,1
pom.xml,pom.xml,org.openrewrite.java.migrate.UpgradeToJava8,org.openrewrite.java.migrate.UpgradeJavaVersion,300,1
pom.xml,pom.xml,org.openrewrite.java.migrate.Java8toJava11,org.openrewrite.java.migrate.UpgradeToJava8,300,1
pom.xml,pom.xml,org.openrewrite.java.migrate.UpgradeToJava17,org.openrewrite.java.migrate.Java8toJava11,300,1
pom.xml,pom.xml,org.openrewrite.java.spring.boot3.UpgradeSpringBoot_3_0,org.openrewrite.java.migrate.UpgradeToJava17,300,1
pom.xml,pom.xml,,org.openrewrite.java.spring.boot3.UpgradeSpringBoot_3_0,300,1
pom.xml,pom.xml,org.openrewrite.java.migrate.UpgradeJavaVersion,org.openrewrite.maven.UpdateMavenProjectPropertyJavaVersion,300,1
pom.xml,pom.xml,org.openrewrite.java.migrate.UpgradeBuildToJava11,org.openrewrite.java.migrate.UpgradeJavaVersion,300,1
pom.xml,pom.xml,org.openrewrite.java.migrate.Java8toJava11,org.openrewrite.java.migrate.UpgradeBuildToJava11,300,1
pom.xml,pom.xml,org.openrewrite.java.migrate.UpgradeToJava17,org.openrewrite.java.migrate.Java8toJava11,300,1
pom.xml,pom.xml,org.openrewrite.java.spring.boot3.UpgradeSpringBoot_3_0,org.openrewrite.java.migrate.UpgradeToJava17,300,1
pom.xml,pom.xml,,org.openrewrite.java.spring.boot3.UpgradeSpringBoot_3_0,300,1
pom.xml,pom.xml,org.openrewrite.java.migrate.UpgradeJavaVersion,org.openrewrite.maven.UpdateMavenProjectPropertyJavaVersion,300,1
pom.xml,pom.xml,org.openrewrite.java.migrate.UpgradeBuildToJava17,org.openrewrite.java.migrate.UpgradeJavaVersion,300,1
pom.xml,pom.xml,org.openrewrite.java.migrate.UpgradeToJava17,org.openrewrite.java.migrate.UpgradeBuildToJava17,300,1
pom.xml,pom.xml,org.openrewrite.java.spring.boot3.UpgradeSpringBoot_3_0,org.openrewrite.java.migrate.UpgradeToJava17,300,1
pom.xml,pom.xml,,org.openrewrite.java.spring.boot3.UpgradeSpringBoot_3_0,300,1
pom.xml,pom.xml,org.openrewrite.java.spring.boot3.UpgradeSpringBoot_3_0,org.openrewrite.maven.UpgradeParentVersion,300,1
pom.xml,pom.xml,,org.openrewrite.java.spring.boot3.UpgradeSpringBoot_3_0,300,1
pom.xml,pom.xml,org.openrewrite.java.migrate.jakarta.JavaxServletToJakartaServlet,org.openrewrite.java.dependencies.AddDependency,300,1
pom.xml,pom.xml,org.openrewrite.java.migrate.jakarta.JavaxMigrationToJakarta,org.openrewrite.java.migrate.jakarta.JavaxServletToJakartaServlet,300,1
pom.xml,pom.xml,org.openrewrite.java.migrate.jakarta.JakartaEE10,org.openrewrite.java.migrate.jakarta.JavaxMigrationToJakarta,300,1
pom.xml,pom.xml,org.openrewrite.java.spring.boot3.UpgradeSpringBoot_3_0,org.openrewrite.java.migrate.jakarta.JakartaEE10,300,1
pom.xml,pom.xml,,org.openrewrite.java.spring.boot3.UpgradeSpringBoot_3_0,300,1
pom.xml,pom.xml,org.openrewrite.java.spring.boot3.UpgradeSpringBoot_3_1,org.openrewrite.maven.UpgradeParentVersion,300,1
pom.xml,pom.xml,,org.openrewrite.java.spring.boot3.UpgradeSpringBoot_3_1,300,1
src/main/java/com/neo/service/CalculatorService.java,src/main/java/com/neo/service/CalculatorService.java,org.openrewrite.java.migrate.UpgradeBuildToJava11,org.openrewrite.java.migrate.UpgradeJavaVersion,0,1
src/main/java/com/neo/service/CalculatorService.java,src/main/java/com/neo/service/CalculatorService.java,org.openrewrite.java.migrate.Java8toJava11,org.openrewrite.java.migrate.UpgradeBuildToJava11,0,1
src/main/java/com/neo/service/CalculatorService.java,src/main/java/com/neo/service/CalculatorService.java,org.openrewrite.java.migrate.UpgradeToJava17,org.openrewrite.java.migrate.Java8toJava11,0,1
src/main/java/com/neo/service/CalculatorService.java,src/main/java/com/neo/service/CalculatorService.java,org.openrewrite.java.spring.boot3.UpgradeSpringBoot_3_0,org.openrewrite.java.migrate.UpgradeToJava17,0,1
src/main/java/com/neo/service/CalculatorService.java,src/main/java/com/neo/service/CalculatorService.java,,org.openrewrite.java.spring.boot3.UpgradeSpringBoot_3_0,0,1
src/main/java/com/neo/service/CalculatorService.java,src/main/java/com/neo/service/CalculatorService.java,org.openrewrite.java.migrate.UpgradeBuildToJava17,org.openrewrite.java.migrate.UpgradeJavaVersion,0,1
src/main/java/com/neo/service/CalculatorService.java,src/main/java/com/neo/service/CalculatorService.java,org.openrewrite.java.migrate.UpgradeToJava17,org.openrewrite.java.migrate.UpgradeBuildToJava17,0,1
src/main/java/com/neo/service/CalculatorService.java,src/main/java/com/neo/service/CalculatorService.java,org.openrewrite.java.spring.boot3.UpgradeSpringBoot_3_0,org.openrewrite.java.migrate.UpgradeToJava17,0,1
src/main/java/com/neo/service/CalculatorService.java,src/main/java/com/neo/service/CalculatorService.java,,org.openrewrite.java.spring.boot3.UpgradeSpringBoot_3_0,0,1
src/main/java/com/neo/entity/User.java,src/main/java/com/neo/entity/User.java,org.openrewrite.java.migrate.UpgradeBuildToJava11,org.openrewrite.java.migrate.UpgradeJavaVersion,0,1
src/main/java/com/neo/entity/User.java,src/main/java/com/neo/entity/User.java,org.openrewrite.java.migrate.Java8toJava11,org.openrewrite.java.migrate.UpgradeBuildToJava11,0,1
src/main/java/com/neo/entity/User.java,src/main/java/com/neo/entity/User.java,org.openrewrite.java.migrate.UpgradeToJava17,org.openrewrite.java.migrate.Java8toJava11,0,1
src/main/java/com/neo/entity/User.java,src/main/java/com/neo/entity/User.java,org.openrewrite.java.spring.boot3.UpgradeSpringBoot_3_0,org.openrewrite.java.migrate.UpgradeToJava17,0,1
src/main/java/com/neo/entity/User.java,src/main/java/com/neo/entity/User.java,,org.openrewrite.java.spring.boot3.UpgradeSpringBoot_3_0,0,1
src/main/java/com/neo/entity/User.java,src/main/java/com/neo/entity/User.java,org.openrewrite.java.migrate.UpgradeBuildToJava17,org.openrewrite.java.migrate.UpgradeJavaVersion,0,1
src/main/java/com/neo/entity/User.java,src/main/java/com/neo/entity/User.java,org.openrewrite.java.migrate.UpgradeToJava17,org.openrewrite.java.migrate.UpgradeBuildToJava17,0,1
src/main/java/com/neo/entity/User.java,src/main/java/com/neo/entity/User.java,org.openrewrite.java.spring.boot3.UpgradeSpringBoot_3_0,org.openrewrite.java.migrate.UpgradeToJava17,0,1
src/main/java/com/neo/entity/User.java,src/main/java/com/neo/entity/User.java,,org.openrewrite.java.spring.boot3.UpgradeSpringBoot_3_0,0,1
src/main/java/com/neo/entity/User.java,src/main/java/com/neo/entity/User.java,org.openrewrite.java.migrate.jakarta.JavaxPersistenceToJakartaPersistence,org.openrewrite.java.ChangePackage,300,1
src/main/java/com/neo/entity/User.java,src/main/java/com/neo/entity/User.java,org.openrewrite.java.migrate.jakarta.JavaxMigrationToJakarta,org.openrewrite.java.migrate.jakarta.JavaxPersistenceToJakartaPersistence,300,1
src/main/java/com/neo/entity/User.java,src/main/java/com/neo/entity/User.java,org.openrewrite.java.migrate.jakarta.JakartaEE10,org.openrewrite.java.migrate.jakarta.JavaxMigrationToJakarta,300,1
src/main/java/com/neo/entity/User.java,src/main/java/com/neo/entity/User.java,org.openrewrite.java.spring.boot3.UpgradeSpringBoot_3_0,org.openrewrite.java.migrate.jakarta.JakartaEE10,300,1
src/main/java/com/neo/entity/User.java,src/main/java/com/neo/entity/User.java,,org.openrewrite.java.spring.boot3.UpgradeSpringBoot_3_0,300,1
src/main/java/com/neo/controller/HelloWorldController.java,src/main/java/com/neo/controller/HelloWorldController.java,org.openrewrite.java.migrate.UpgradeBuildToJava11,org.openrewrite.java.migrate.UpgradeJavaVersion,0,1
src/main/java/com/neo/controller/HelloWorldController.java,src/main/java/com/neo/controller/HelloWorldController.java,org.openrewrite.java.migrate.Java8toJava11,org.openrewrite.java.migrate.UpgradeBuildToJava11,0,1
src/main/java/com/neo/controller/HelloWorldController.java,src/main/java/com/neo/controller/HelloWorldController.java,org.openrewrite.java.migrate.UpgradeToJava17,org.openrewrite.java.migrate.Java8toJava11,0,1
src/main/java/com/neo/controller/HelloWorldController.java,src/main/java/com/neo/controller/HelloWorldController.java,org.openrewrite.java.spring.boot3.UpgradeSpringBoot_3_0,org.openrewrite.java.migrate.UpgradeToJava17,0,1
src/main/java/com/neo/controller/HelloWorldController.java,src/main/java/com/neo/controller/HelloWorldController.java,,org.openrewrite.java.spring.boot3.UpgradeSpringBoot_3_0,0,1
src/main/java/com/neo/controller/HelloWorldController.java,src/main/java/com/neo/controller/HelloWorldController.java,org.openrewrite.java.migrate.UpgradeBuildToJava17,org.openrewrite.java.migrate.UpgradeJavaVersion,0,1
src/main/java/com/neo/controller/HelloWorldController.java,src/main/java/com/neo/controller/HelloWorldController.java,org.openrewrite.java.migrate.UpgradeToJava17,org.openrewrite.java.migrate.UpgradeBuildToJava17,0,1
src/main/java/com/neo/controller/HelloWorldController.java,src/main/java/com/neo/controller/HelloWorldController.java,org.openrewrite.java.spring.boot3.UpgradeSpringBoot_3_0,org.openrewrite.java.migrate.UpgradeToJava17,0,1
src/main/java/com/neo/controller/HelloWorldController.java,src/main/java/com/neo/controller/HelloWorldController.java,,org.openrewrite.java.spring.boot3.UpgradeSpringBoot_3_0,0,1
src/main/java/com/neo/Application.java,src/main/java/com/neo/Application.java,org.openrewrite.java.migrate.UpgradeBuildToJava11,org.openrewrite.java.migrate.UpgradeJavaVersion,0,1
src/main/java/com/neo/Application.java,src/main/java/com/neo/Application.java,org.openrewrite.java.migrate.Java8toJava11,org.openrewrite.java.migrate.UpgradeBuildToJava11,0,1
src/main/java/com/neo/Application.java,src/main/java/com/neo/Application.java,org.openrewrite.java.migrate.UpgradeToJava17,org.openrewrite.java.migrate.Java8toJava11,0,1
src/main/java/com/neo/Application.java,src/main/java/com/neo/Application.java,org.openrewrite.java.spring.boot3.UpgradeSpringBoot_3_0,org.openrewrite.java.migrate.UpgradeToJava17,0,1
src/main/java/com/neo/Application.java,src/main/java/com/neo/Application.java,,org.openrewrite.java.spring.boot3.UpgradeSpringBoot_3_0,0,1
src/main/java/com/neo/Application.java,src/main/java/com/neo/Application.java,org.openrewrite.java.migrate.UpgradeBuildToJava17,org.openrewrite.java.migrate.UpgradeJavaVersion,0,1
src/main/java/com/neo/Application.java,src/main/java/com/neo/Application.java,org.openrewrite.java.migrate.UpgradeToJava17,org.openrewrite.java.migrate.UpgradeBuildToJava17,0,1
src/main/java/com/neo/Application.java,src/main/java/com/neo/Application.java,org.openrewrite.java.spring.boot3.UpgradeSpringBoot_3_0,org.openrewrite.java.migrate.UpgradeToJava17,0,1
src/main/java/com/neo/Application.java,src/main/java/com/neo/Application.java,,org.openrewrite.java.spring.boot3.UpgradeSpringBoot_3_0,0,1
src/test/java/com/neo/service/CalculatorServiceTest.java,src/test/java/com/neo/service/CalculatorServiceTest.java,org.openrewrite.java.testing.junit5.JUnit4to5Migration,org.openrewrite.java.testing.junit5.AssertToAssertions,300,1
src/test/java/com/neo/service/CalculatorServiceTest.java,src/test/java/com/neo/service/CalculatorServiceTest.java,org.openrewrite.java.spring.boot2.SpringBoot2JUnit4to5Migration,org.openrewrite.java.testing.junit5.JUnit4to5Migration,300,1
src/test/java/com/neo/service/CalculatorServiceTest.java,src/test/java/com/neo/service/CalculatorServiceTest.java,org.openrewrite.java.spring.boot2.UpgradeSpringBoot_2_4,org.openrewrite.java.spring.boot2.SpringBoot2JUnit4to5Migration,300,1
src/test/java/com/neo/service/CalculatorServiceTest.java,src/test/java/com/neo/service/CalculatorServiceTest.java,org.openrewrite.java.spring.boot2.UpgradeSpringBoot_2_5,org.openrewrite.java.spring.boot2.UpgradeSpringBoot_2_4,300,1
src/test/java/com/neo/service/CalculatorServiceTest.java,src/test/java/com/neo/service/CalculatorServiceTest.java,org.openrewrite.java.spring.boot2.UpgradeSpringBoot_2_6,org.openrewrite.java.spring.boot2.UpgradeSpringBoot_2_5,300,1
src/test/java/com/neo/service/CalculatorServiceTest.java,src/test/java/com/neo/service/CalculatorServiceTest.java,org.openrewrite.java.spring.boot2.UpgradeSpringBoot_2_7,org.openrewrite.java.spring.boot2.UpgradeSpringBoot_2_6,300,1
src/test/java/com/neo/service/CalculatorServiceTest.java,src/test/java/com/neo/service/CalculatorServiceTest.java,,org.openrewrite.java.spring.boot2.UpgradeSpringBoot_2_7,300,1
src/test/java/com/neo/service/CalculatorServiceTest.java,src/test/java/com/neo/service/CalculatorServiceTest.java,org.openrewrite.java.testing.junit5.JUnit4to5Migration,org.openrewrite.java.testing.junit5.UpdateTestAnnotation,300,1
src/test/java/com/neo/service/CalculatorServiceTest.java,src/test/java/com/neo/service/CalculatorServiceTest.java,org.openrewrite.java.spring.boot2.SpringBoot2JUnit4to5Migration,org.openrewrite.java.testing.junit5.JUnit4to5Migration,300,1
src/test/java/com/neo/service/CalculatorServiceTest.java,src/test/java/com/neo/service/CalculatorServiceTest.java,org.openrewrite.java.spring.boot2.UpgradeSpringBoot_2_4,org.openrewrite.java.spring.boot2.SpringBoot2JUnit4to5Migration,300,1
src/test/java/com/neo/service/CalculatorServiceTest.java,src/test/java/com/neo/service/CalculatorServiceTest.java,org.openrewrite.java.spring.boot2.UpgradeSpringBoot_2_5,org.openrewrite.java.spring.boot2.UpgradeSpringBoot_2_4,300,1
src/test/java/com/neo/service/CalculatorServiceTest.java,src/test/java/com/neo/service/CalculatorServiceTest.java,org.openrewrite.java.spring.boot2.UpgradeSpringBoot_2_6,org.openrewrite.java.spring.boot2.UpgradeSpringBoot_2_5,300,1
src/test/java/com/neo/service/CalculatorServiceTest.java,src/test/java/com/neo/service/CalculatorServiceTest.java,org.openrewrite.java.spring.boot2.UpgradeSpringBoot_2_7,org.openrewrite.java.spring.boot2.UpgradeSpringBoot_2_6,300,1
src/test/java/com/neo/service/CalculatorServiceTest.java,src/test/java/com/neo/service/CalculatorServiceTest.java,,org.openrewrite.java.spring.boot2.UpgradeSpringBoot_2_7,300,1
src/test/java/com/neo/service/CalculatorServiceTest.java,src/test/java/com/neo/service/CalculatorServiceTest.java,org.openrewrite.java.migrate.UpgradeBuildToJava11,org.openrewrite.java.migrate.UpgradeJavaVersion,0,1
src/test/java/com/neo/service/CalculatorServiceTest.java,src/test/java/com/neo/service/CalculatorServiceTest.java,org.openrewrite.java.migrate.Java8toJava11,org.openrewrite.java.migrate.UpgradeBuildToJava11,0,1
src/test/java/com/neo/service/CalculatorServiceTest.java,src/test/java/com/neo/service/CalculatorServiceTest.java,org.openrewrite.java.migrate.UpgradeToJava17,org.openrewrite.java.migrate.Java8toJava11,0,1
src/test/java/com/neo/service/CalculatorServiceTest.java,src/test/java/com/neo/service/CalculatorServiceTest.java,org.openrewrite.java.spring.boot3.UpgradeSpringBoot_3_0,org.openrewrite.java.migrate.UpgradeToJava17,0,1
src/test/java/com/neo/service/CalculatorServiceTest.java,src/test/java/com/neo/service/CalculatorServiceTest.java,,org.openrewrite.java.spring.boot3.UpgradeSpringBoot_3_0,0,1
src/test/java/com/neo/service/CalculatorServiceTest.java,src/test/java/com/neo/service/CalculatorServiceTest.java,org.openrewrite.java.migrate.UpgradeBuildToJava17,org.openrewrite.java.migrate.UpgradeJavaVersion,0,1
src/test/java/com/neo/service/CalculatorServiceTest.java,src/test/java/com/neo/service/CalculatorServiceTest.java,org.openrewrite.java.migrate.UpgradeToJava17,org.openrewrite.java.migrate.UpgradeBuildToJava17,0,1
src/test/java/com/neo/service/CalculatorServiceTest.java,src/test/java/com/neo/service/CalculatorServiceTest.java,org.openrewrite.java.spring.boot3.UpgradeSpringBoot_3_0,org.openrewrite.java.migrate.UpgradeToJava17,0,1
src/test/java/com/neo/service/CalculatorServiceTest.java,src/test/java/com/neo/service/CalculatorServiceTest.java,,org.openrewrite.java.spring.boot3.UpgradeSpringBoot_3_0,0,1
src/test/java/com/neo/controller/HelloTests.java,src/test/java/com/neo/controller/HelloTests.java,org.openrewrite.java.testing.junit5.JUnit4to5Migration,org.openrewrite.java.testing.junit5.UpdateBeforeAfterAnnotations,300,1
src/test/java/com/neo/controller/HelloTests.java,src/test/java/com/neo/controller/HelloTests.java,org.openrewrite.java.spring.boot2.SpringBoot2JUnit4to5Migration,org.openrewrite.java.testing.junit5.JUnit4to5Migration,300,1
src/test/java/com/neo/controller/HelloTests.java,src/test/java/com/neo/controller/HelloTests.java,org.openrewrite.java.spring.boot2.UpgradeSpringBoot_2_4,org.openrewrite.java.spring.boot2.SpringBoot2JUnit4to5Migration,300,1
src/test/java/com/neo/controller/HelloTests.java,src/test/java/com/neo/controller/HelloTests.java,org.openrewrite.java.spring.boot2.UpgradeSpringBoot_2_5,org.openrewrite.java.spring.boot2.UpgradeSpringBoot_2_4,300,1
src/test/java/com/neo/controller/HelloTests.java,src/test/java/com/neo/controller/HelloTests.java,org.openrewrite.java.spring.boot2.UpgradeSpringBoot_2_6,org.openrewrite.java.spring.boot2.UpgradeSpringBoot_2_5,300,1
src/test/java/com/neo/controller/HelloTests.java,src/test/java/com/neo/controller/HelloTests.java,org.openrewrite.java.spring.boot2.UpgradeSpringBoot_2_7,org.openrewrite.java.spring.boot2.UpgradeSpringBoot_2_6,300,1
src/test/java/com/neo/controller/HelloTests.java,src/test/java/com/neo/controller/HelloTests.java,,org.openrewrite.java.spring.boot2.UpgradeSpringBoot_2_7,300,1
src/test/java/com/neo/controller/HelloTests.java,src/test/java/com/neo/controller/HelloTests.java,org.openrewrite.java.testing.junit5.JUnit4to5Migration,org.openrewrite.java.testing.junit5.UpdateTestAnnotation,300,1
src/test/java/com/neo/controller/HelloTests.java,src/test/java/com/neo/controller/HelloTests.java,org.openrewrite.java.spring.boot2.SpringBoot2JUnit4to5Migration,org.openrewrite.java.testing.junit5.JUnit4to5Migration,300,1
src/test/java/com/neo/controller/HelloTests.java,src/test/java/com/neo/controller/HelloTests.java,org.openrewrite.java.spring.boot2.UpgradeSpringBoot_2_4,org.openrewrite.java.spring.boot2.SpringBoot2JUnit4to5Migration,300,1
src/test/java/com/neo/controller/HelloTests.java,src/test/java/com/neo/controller/HelloTests.java,org.openrewrite.java.spring.boot2.UpgradeSpringBoot_2_5,org.openrewrite.java.spring.boot2.UpgradeSpringBoot_2_4,300,1
src/test/java/com/neo/controller/HelloTests.java,src/test/java/com/neo/controller/HelloTests.java,org.openrewrite.java.spring.boot2.UpgradeSpringBoot_2_6,org.openrewrite.java.spring.boot2.UpgradeSpringBoot_2_5,300,1
src/test/java/com/neo/controller/HelloTests.java,src/test/java/com/neo/controller/HelloTests.java,org.openrewrite.java.spring.boot2.UpgradeSpringBoot_2_7,org.openrewrite.java.spring.boot2.UpgradeSpringBoot_2_6,300,1
src/test/java/com/neo/controller/HelloTests.java,src/test/java/com/neo/controller/HelloTests.java,,org.openrewrite.java.spring.boot2.UpgradeSpringBoot_2_7,300,1
src/test/java/com/neo/controller/HelloTests.java,src/test/java/com/neo/controller/HelloTests.java,org.openrewrite.java.spring.boot2.UnnecessarySpringRunWith,org.openrewrite.java.testing.junit5.RunnerToExtension,300,1
src/test/java/com/neo/controller/HelloTests.java,src/test/java/com/neo/controller/HelloTests.java,org.openrewrite.java.spring.boot2.SpringBoot2JUnit4to5Migration,org.openrewrite.java.spring.boot2.UnnecessarySpringRunWith,300,1
src/test/java/com/neo/controller/HelloTests.java,src/test/java/com/neo/controller/HelloTests.java,org.openrewrite.java.spring.boot2.UpgradeSpringBoot_2_4,org.openrewrite.java.spring.boot2.SpringBoot2JUnit4to5Migration,300,1
src/test/java/com/neo/controller/HelloTests.java,src/test/java/com/neo/controller/HelloTests.java,org.openrewrite.java.spring.boot2.UpgradeSpringBoot_2_5,org.openrewrite.java.spring.boot2.UpgradeSpringBoot_2_4,300,1
src/test/java/com/neo/controller/HelloTests.java,src/test/java/com/neo/controller/HelloTests.java,org.openrewrite.java.spring.boot2.UpgradeSpringBoot_2_6,org.openrewrite.java.spring.boot2.UpgradeSpringBoot_2_5,300,1
src/test/java/com/neo/controller/HelloTests.java,src/test/java/com/neo/controller/HelloTests.java,org.openrewrite.java.spring.boot2.UpgradeSpringBoot_2_7,org.openrewrite.java.spring.boot2.UpgradeSpringBoot_2_6,300,1
src/test/java/com/neo/controller/HelloTests.java,src/test/java/com/neo/controller/HelloTests.java,,org.openrewrite.java.spring.boot2.UpgradeSpringBoot_2_7,300,1
src/test/java/com/neo/controller/HelloTests.java,src/test/java/com/neo/controller/HelloTests.java,org.openrewrite.java.spring.boot2.SpringBoot2JUnit4to5Migration,org.openrewrite.java.spring.boot2.UnnecessarySpringExtension,300,1
src/test/java/com/neo/controller/HelloTests.java,src/test/java/com/neo/controller/HelloTests.java,org.openrewrite.java.spring.boot2.UpgradeSpringBoot_2_4,org.openrewrite.java.spring.boot2.SpringBoot2JUnit4to5Migration,300,1
src/test/java/com/neo/controller/HelloTests.java,src/test/java/com/neo/controller/HelloTests.java,org.openrewrite.java.spring.boot2.UpgradeSpringBoot_2_5,org.openrewrite.java.spring.boot2.UpgradeSpringBoot_2_4,300,1
src/test/java/com/neo/controller/HelloTests.java,src/test/java/com/neo/controller/HelloTests.java,org.openrewrite.java.spring.boot2.UpgradeSpringBoot_2_6,org.openrewrite.java.spring.boot2.UpgradeSpringBoot_2_5,300,1
src/test/java/com/neo/controller/HelloTests.java,src/test/java/com/neo/controller/HelloTests.java,org.openrewrite.java.spring.boot2.UpgradeSpringBoot_2_7,org.openrewrite.java.spring.boot2.UpgradeSpringBoot_2_6,300,1
src/test/java/com/neo/controller/HelloTests.java,src/test/java/com/neo/controller/HelloTests.java,,org.openrewrite.java.spring.boot2.UpgradeSpringBoot_2_7,300,1
src/test/java/com/neo/controller/HelloTests.java,src/test/java/com/neo/controller/HelloTests.java,org.openrewrite.java.migrate.UpgradeBuildToJava11,org.openrewrite.java.migrate.UpgradeJavaVersion,0,1
src/test/java/com/neo/controller/HelloTests.java,src/test/java/com/neo/controller/HelloTests.java,org.openrewrite.java.migrate.Java8toJava11,org.openrewrite.java.migrate.UpgradeBuildToJava11,0,1
src/test/java/com/neo/controller/HelloTests.java,src/test/java/com/neo/controller/HelloTests.java,org.openrewrite.java.migrate.UpgradeToJava17,org.openrewrite.java.migrate.Java8toJava11,0,1
src/test/java/com/neo/controller/HelloTests.java,src/test/java/com/neo/controller/HelloTests.java,org.openrewrite.java.spring.boot3.UpgradeSpringBoot_3_0,org.openrewrite.java.migrate.UpgradeToJava17,0,1
src/test/java/com/neo/controller/HelloTests.java,src/test/java/com/neo/controller/HelloTests.java,,org.openrewrite.java.spring.boot3.UpgradeSpringBoot_3_0,0,1
src/test/java/com/neo/controller/HelloTests.java,src/test/java/com/neo/controller/HelloTests.java,org.openrewrite.java.migrate.UpgradeBuildToJava17,org.openrewrite.java.migrate.UpgradeJavaVersion,0,1
src/test/java/com/neo/controller/HelloTests.java,src/test/java/com/neo/controller/HelloTests.java,org.openrewrite.java.migrate.UpgradeToJava17,org.openrewrite.java.migrate.UpgradeBuildToJava17,0,1
src/test/java/com/neo/controller/HelloTests.java,src/test/java/com/neo/controller/HelloTests.java,org.openrewrite.java.spring.boot3.UpgradeSpringBoot_3_0,org.openrewrite.java.migrate.UpgradeToJava17,0,1
src/test/java/com/neo/controller/HelloTests.java,src/test/java/com/neo/controller/HelloTests.java,,org.openrewrite.java.spring.boot3.UpgradeSpringBoot_3_0,0,1
src/test/java/com/neo/controller/HelloWorldControlerTests.java,src/test/java/com/neo/controller/HelloWorldControlerTests.java,org.openrewrite.java.testing.junit5.JUnit4to5Migration,org.openrewrite.java.testing.junit5.UpdateBeforeAfterAnnotations,300,1
src/test/java/com/neo/controller/HelloWorldControlerTests.java,src/test/java/com/neo/controller/HelloWorldControlerTests.java,org.openrewrite.java.spring.boot2.SpringBoot2JUnit4to5Migration,org.openrewrite.java.testing.junit5.JUnit4to5Migration,300,1
src/test/java/com/neo/controller/HelloWorldControlerTests.java,src/test/java/com/neo/controller/HelloWorldControlerTests.java,org.openrewrite.java.spring.boot2.UpgradeSpringBoot_2_4,org.openrewrite.java.spring.boot2.SpringBoot2JUnit4to5Migration,300,1
src/test/java/com/neo/controller/HelloWorldControlerTests.java,src/test/java/com/neo/controller/HelloWorldControlerTests.java,org.openrewrite.java.spring.boot2.UpgradeSpringBoot_2_5,org.openrewrite.java.spring.boot2.UpgradeSpringBoot_2_4,300,1
src/test/java/com/neo/controller/HelloWorldControlerTests.java,src/test/java/com/neo/controller/HelloWorldControlerTests.java,org.openrewrite.java.spring.boot2.UpgradeSpringBoot_2_6,org.openrewrite.java.spring.boot2.UpgradeSpringBoot_2_5,300,1
src/test/java/com/neo/controller/HelloWorldControlerTests.java,src/test/java/com/neo/controller/HelloWorldControlerTests.java,org.openrewrite.java.spring.boot2.UpgradeSpringBoot_2_7,org.openrewrite.java.spring.boot2.UpgradeSpringBoot_2_6,300,1
src/test/java/com/neo/controller/HelloWorldControlerTests.java,src/test/java/com/neo/controller/HelloWorldControlerTests.java,,org.openrewrite.java.spring.boot2.UpgradeSpringBoot_2_7,300,1
src/test/java/com/neo/controller/HelloWorldControlerTests.java,src/test/java/com/neo/controller/HelloWorldControlerTests.java,org.openrewrite.java.testing.junit5.JUnit4to5Migration,org.openrewrite.java.testing.junit5.UpdateTestAnnotation,300,1
src/test/java/com/neo/controller/HelloWorldControlerTests.java,src/test/java/com/neo/controller/HelloWorldControlerTests.java,org.openrewrite.java.spring.boot2.SpringBoot2JUnit4to5Migration,org.openrewrite.java.testing.junit5.JUnit4to5Migration,300,1
src/test/java/com/neo/controller/HelloWorldControlerTests.java,src/test/java/com/neo/controller/HelloWorldControlerTests.java,org.openrewrite.java.spring.boot2.UpgradeSpringBoot_2_4,org.openrewrite.java.spring.boot2.SpringBoot2JUnit4to5Migration,300,1
src/test/java/com/neo/controller/HelloWorldControlerTests.java,src/test/java/com/neo/controller/HelloWorldControlerTests.java,org.openrewrite.java.spring.boot2.UpgradeSpringBoot_2_5,org.openrewrite.java.spring.boot2.UpgradeSpringBoot_2_4,300,1
src/test/java/com/neo/controller/HelloWorldControlerTests.java,src/test/java/com/neo/controller/HelloWorldControlerTests.java,org.openrewrite.java.spring.boot2.UpgradeSpringBoot_2_6,org.openrewrite.java.spring.boot2.UpgradeSpringBoot_2_5,300,1
src/test/java/com/neo/controller/HelloWorldControlerTests.java,src/test/java/com/neo/controller/HelloWorldControlerTests.java,org.openrewrite.java.spring.boot2.UpgradeSpringBoot_2_7,org.openrewrite.java.spring.boot2.UpgradeSpringBoot_2_6,300,1
src/test/java/com/neo/controller/HelloWorldControlerTests.java,src/test/java/com/neo/controller/HelloWorldControlerTests.java,,org.openrewrite.java.spring.boot2.UpgradeSpringBoot_2_7,300,1
src/test/java/com/neo/controller/HelloWorldControlerTests.java,src/test/java/com/neo/controller/HelloWorldControlerTests.java,org.openrewrite.java.spring.boot2.UnnecessarySpringRunWith,org.openrewrite.java.testing.junit5.RunnerToExtension,300,1
src/test/java/com/neo/controller/HelloWorldControlerTests.java,src/test/java/com/neo/controller/HelloWorldControlerTests.java,org.openrewrite.java.spring.boot2.SpringBoot2JUnit4to5Migration,org.openrewrite.java.spring.boot2.UnnecessarySpringRunWith,300,1
src/test/java/com/neo/controller/HelloWorldControlerTests.java,src/test/java/com/neo/controller/HelloWorldControlerTests.java,org.openrewrite.java.spring.boot2.UpgradeSpringBoot_2_4,org.openrewrite.java.spring.boot2.SpringBoot2JUnit4to5Migration,300,1
src/test/java/com/neo/controller/HelloWorldControlerTests.java,src/test/java/com/neo/controller/HelloWorldControlerTests.java,org.openrewrite.java.spring.boot2.UpgradeSpringBoot_2_5,org.openrewrite.java.spring.boot2.UpgradeSpringBoot_2_4,300,1
src/test/java/com/neo/controller/HelloWorldControlerTests.java,src/test/java/com/neo/controller/HelloWorldControlerTests.java,org.openrewrite.java.spring.boot2.UpgradeSpringBoot_2_6,org.openrewrite.java.spring.boot2.UpgradeSpringBoot_2_5,300,1
src/test/java/com/neo/controller/HelloWorldControlerTests.java,src/test/java/com/neo/controller/HelloWorldControlerTests.java,org.openrewrite.java.spring.boot2.UpgradeSpringBoot_2_7,org.openrewrite.java.spring.boot2.UpgradeSpringBoot_2_6,300,1
src/test/java/com/neo/controller/HelloWorldControlerTests.java,src/test/java/com/neo/controller/HelloWorldControlerTests.java,,org.openrewrite.java.spring.boot2.UpgradeSpringBoot_2_7,300,1
src/test/java/com/neo/controller/HelloWorldControlerTests.java,src/test/java/com/neo/controller/HelloWorldControlerTests.java,org.openrewrite.java.spring.boot2.SpringBoot2JUnit4to5Migration,org.openrewrite.java.spring.boot2.UnnecessarySpringExtension,300,1
src/test/java/com/neo/controller/HelloWorldControlerTests.java,src/test/java/com/neo/controller/HelloWorldControlerTests.java,org.openrewrite.java.spring.boot2.UpgradeSpringBoot_2_4,org.openrewrite.java.spring.boot2.SpringBoot2JUnit4to5Migration,300,1
src/test/java/com/neo/controller/HelloWorldControlerTests.java,src/test/java/com/neo/controller/HelloWorldControlerTests.java,org.openrewrite.java.spring.boot2.UpgradeSpringBoot_2_5,org.openrewrite.java.spring.boot2.UpgradeSpringBoot_2_4,300,1
src/test/java/com/neo/controller/HelloWorldControlerTests.java,src/test/java/com/neo/controller/HelloWorldControlerTests.java,org.openrewrite.java.spring.boot2.UpgradeSpringBoot_2_6,org.openrewrite.java.spring.boot2.UpgradeSpringBoot_2_5,300,1
src/test/java/com/neo/controller/HelloWorldControlerTests.java,src/test/java/com/neo/controller/HelloWorldControlerTests.java,org.openrewrite.java.spring.boot2.UpgradeSpringBoot_2_7,org.openrewrite.java.spring.boot2.UpgradeSpringBoot_2_6,300,1
src/test/java/com/neo/controller/HelloWorldControlerTests.java,src/test/java/com/neo/controller/HelloWorldControlerTests.java,,org.openrewrite.java.spring.boot2.UpgradeSpringBoot_2_7,300,1
src/test/java/com/neo/controller/HelloWorldControlerTests.java,src/test/java/com/neo/controller/HelloWorldControlerTests.java,org.openrewrite.java.migrate.UpgradeBuildToJava11,org.openrewrite.java.migrate.UpgradeJavaVersion,0,1
src/test/java/com/neo/controller/HelloWorldControlerTests.java,src/test/java/com/neo/controller/HelloWorldControlerTests.java,org.openrewrite.java.migrate.Java8toJava11,org.openrewrite.java.migrate.UpgradeBuildToJava11,0,1
src/test/java/com/neo/controller/HelloWorldControlerTests.java,src/test/java/com/neo/controller/HelloWorldControlerTests.java,org.openrewrite.java.migrate.UpgradeToJava17,org.openrewrite.java.migrate.Java8toJava11,0,1
src/test/java/com/neo/controller/HelloWorldControlerTests.java,src/test/java/com/neo/controller/HelloWorldControlerTests.java,org.openrewrite.java.spring.boot3.UpgradeSpringBoot_3_0,org.openrewrite.java.migrate.UpgradeToJava17,0,1
src/test/java/com/neo/controller/HelloWorldControlerTests.java,src/test/java/com/neo/controller/HelloWorldControlerTests.java,,org.openrewrite.java.spring.boot3.UpgradeSpringBoot_3_0,0,1
src/test/java/com/neo/controller/HelloWorldControlerTests.java,src/test/java/com/neo/controller/HelloWorldControlerTests.java,org.openrewrite.java.migrate.UpgradeBuildToJava17,org.openrewrite.java.migrate.UpgradeJavaVersion,0,1
src/test/java/com/neo/controller/HelloWorldControlerTests.java,src/test/java/com/neo/controller/HelloWorldControlerTests.java,org.openrewrite.java.migrate.UpgradeToJava17,org.openrewrite.java.migrate.UpgradeBuildToJava17,0,1
src/test/java/com/neo/controller/HelloWorldControlerTests.java,src/test/java/com/neo/controller/HelloWorldControlerTests.java,org.openrewrite.java.spring.boot3.UpgradeSpringBoot_3_0,org.openrewrite.java.migrate.UpgradeToJava17,0,1
src/test/java/com/neo/controller/HelloWorldControlerTests.java,src/test/java/com/neo/controller/HelloWorldControlerTests.java,,org.openrewrite.java.spring.boot3.UpgradeSpringBoot_3_0,0,1
src/test/java/com/neo/ApplicationTests.java,src/test/java/com/neo/ApplicationTests.java,org.openrewrite.java.testing.junit5.JUnit4to5Migration,org.openrewrite.java.testing.junit5.UpdateTestAnnotation,300,1
src/test/java/com/neo/ApplicationTests.java,src/test/java/com/neo/ApplicationTests.java,org.openrewrite.java.spring.boot2.SpringBoot2JUnit4to5Migration,org.openrewrite.java.testing.junit5.JUnit4to5Migration,300,1
src/test/java/com/neo/ApplicationTests.java,src/test/java/com/neo/ApplicationTests.java,org.openrewrite.java.spring.boot2.UpgradeSpringBoot_2_4,org.openrewrite.java.spring.boot2.SpringBoot2JUnit4to5Migration,300,1
src/test/java/com/neo/ApplicationTests.java,src/test/java/com/neo/ApplicationTests.java,org.openrewrite.java.spring.boot2.UpgradeSpringBoot_2_5,org.openrewrite.java.spring.boot2.UpgradeSpringBoot_2_4,300,1
src/test/java/com/neo/ApplicationTests.java,src/test/java/com/neo/ApplicationTests.java,org.openrewrite.java.spring.boot2.UpgradeSpringBoot_2_6,org.openrewrite.java.spring.boot2.UpgradeSpringBoot_2_5,300,1
src/test/java/com/neo/ApplicationTests.java,src/test/java/com/neo/ApplicationTests.java,org.openrewrite.java.spring.boot2.UpgradeSpringBoot_2_7,org.openrewrite.java.spring.boot2.UpgradeSpringBoot_2_6,300,1
src/test/java/com/neo/ApplicationTests.java,src/test/java/com/neo/ApplicationTests.java,,org.openrewrite.java.spring.boot2.UpgradeSpringBoot_2_7,300,1
src/test/java/com/neo/ApplicationTests.java,src/test/java/com/neo/ApplicationTests.java,org.openrewrite.java.spring.boot2.UnnecessarySpringRunWith,org.openrewrite.java.testing.junit5.RunnerToExtension,300,1
src/test/java/com/neo/ApplicationTests.java,src/test/java/com/neo/ApplicationTests.java,org.openrewrite.java.spring.boot2.SpringBoot2JUnit4to5Migration,org.openrewrite.java.spring.boot2.UnnecessarySpringRunWith,300,1
src/test/java/com/neo/ApplicationTests.java,src/test/java/com/neo/ApplicationTests.java,org.openrewrite.java.spring.boot2.UpgradeSpringBoot_2_4,org.openrewrite.java.spring.boot2.SpringBoot2JUnit4to5Migration,300,1
src/test/java/com/neo/ApplicationTests.java,src/test/java/com/neo/ApplicationTests.java,org.openrewrite.java.spring.boot2.UpgradeSpringBoot_2_5,org.openrewrite.java.spring.boot2.UpgradeSpringBoot_2_4,300,1
src/test/java/com/neo/ApplicationTests.java,src/test/java/com/neo/ApplicationTests.java,org.openrewrite.java.spring.boot2.UpgradeSpringBoot_2_6,org.openrewrite.java.spring.boot2.UpgradeSpringBoot_2_5,300,1
src/test/java/com/neo/ApplicationTests.java,src/test/java/com/neo/ApplicationTests.java,org.openrewrite.java.spring.boot2.UpgradeSpringBoot_2_7,org.openrewrite.java.spring.boot2.UpgradeSpringBoot_2_6,300,1
src/test/java/com/neo/ApplicationTests.java,src/test/java/com/neo/ApplicationTests.java,,org.openrewrite.java.spring.boot2.UpgradeSpringBoot_2_7,300,1
src/test/java/com/neo/ApplicationTests.java,src/test/java/com/neo/ApplicationTests.java,org.openrewrite.java.spring.boot2.SpringBoot2JUnit4to5Migration,org.openrewrite.java.spring.boot2.UnnecessarySpringExtension,300,1
src/test/java/com/neo/ApplicationTests.java,src/test/java/com/neo/ApplicationTests.java,org.openrewrite.java.spring.boot2.UpgradeSpringBoot_2_4,org.openrewrite.java.spring.boot2.SpringBoot2JUnit4to5Migration,300,1
src/test/java/com/neo/ApplicationTests.java,src/test/java/com/neo/ApplicationTests.java,org.openrewrite.java.spring.boot2.UpgradeSpringBoot_2_5,org.openrewrite.java.spring.boot2.UpgradeSpringBoot_2_4,300,1
src/test/java/com/neo/ApplicationTests.java,src/test/java/com/neo/ApplicationTests.java,org.openrewrite.java.spring.boot2.UpgradeSpringBoot_2_6,org.openrewrite.java.spring.boot2.UpgradeSpringBoot_2_5,300,1
src/test/java/com/neo/ApplicationTests.java,src/test/java/com/neo/ApplicationTests.java,org.openrewrite.java.spring.boot2.UpgradeSpringBoot_2_7,org.openrewrite.java.spring.boot2.UpgradeSpringBoot_2_6,300,1
src/test/java/com/neo/ApplicationTests.java,src/test/java/com/neo/ApplicationTests.java,,org.openrewrite.java.spring.boot2.UpgradeSpringBoot_2_7,300,1
src/test/java/com/neo/ApplicationTests.java,src/test/java/com/neo/ApplicationTests.java,org.openrewrite.java.migrate.UpgradeBuildToJava11,org.openrewrite.java.migrate.UpgradeJavaVersion,0,1
src/test/java/com/neo/ApplicationTests.java,src/test/java/com/neo/ApplicationTests.java,org.openrewrite.java.migrate.Java8toJava11,org.openrewrite.java.migrate.UpgradeBuildToJava11,0,1
src/test/java/com/neo/ApplicationTests.java,src/test/java/com/neo/ApplicationTests.java,org.openrewrite.java.migrate.UpgradeToJava17,org.openrewrite.java.migrate.Java8toJava11,0,1
src/test/java/com/neo/ApplicationTests.java,src/test/java/com/neo/ApplicationTests.java,org.openrewrite.java.spring.boot3.UpgradeSpringBoot_3_0,org.openrewrite.java.migrate.UpgradeToJava17,0,1
src/test/java/com/neo/ApplicationTests.java,src/test/java/com/neo/ApplicationTests.java,,org.openrewrite.java.spring.boot3.UpgradeSpringBoot_3_0,0,1
src/test/java/com/neo/ApplicationTests.java,src/test/java/com/neo/ApplicationTests.java,org.openrewrite.java.migrate.UpgradeBuildToJava17,org.openrewrite.java.migrate.UpgradeJavaVersion,0,1
src/test/java/com/neo/ApplicationTests.java,src/test/java/com/neo/ApplicationTests.java,org.openrewrite.java.migrate.UpgradeToJava17,org.openrewrite.java.migrate.UpgradeBuildToJava17,0,1
src/test/java/com/neo/ApplicationTests.java,src/test/java/com/neo/ApplicationTests.java,org.openrewrite.java.spring.boot3.UpgradeSpringBoot_3_0,org.openrewrite.java.migrate.UpgradeToJava17,0,1
src/test/java/com/neo/ApplicationTests.java,src/test/java/com/neo/ApplicationTests.java,,org.openrewrite.java.spring.boot3.UpgradeSpringBoot_3_0,0,1
